processes,time
1,0.170063
2,0.086751
4,0.055000
8,0.039370
10,0.040706
