threads,time
1,0.193669
2,0.084032
4,0.049330
8,0.032877
10,0.028546
